{
  "claim_1": "verified",
  "claim_2": "not-verified",
  "max_abs_diff_theory_vs_GD": 0.012980802884796083,
  "max_RELATIVE_diff": 0.016329042476669685,
  "diff_by_step": {
    "1": 0.0013425924682617385,
    "2": 0.012980802884796083
  },
  "rel_diff_by_step": {
    "1": 0.0014549747152691258,
    "2": 0.016329042476669685
  },
  "argmin_step1_idx": 0,
  "argmin_step2_idx": 9,
  "mid_idx": 9,
  "argmin_step1_lr1_over_lr2": 0.05263157894736842,
  "argmin_step2_lr1_over_lr2": 1.0,
  "config": {
    "d": 1000,
    "h": 1000,
    "n": 1000,
    "test_size": 4000,
    "lr_max": 40000,
    "seeds": [
      2020,
      2021,
      2022,
      2023,
      2024
    ]
  },
  "runtime_seconds": 33.56079097208567
}